ID,ROA(A),ROA(B),ROA(C),Operating Gross Margin,Realized Sales Gross Margin,Cash flow rate,Tax rate (A),Net Value Per Share (B),Net Value Per Share (A),Net Value Per Share (C),Persistent EPS in the Last Four Seasons,Cash Flow Per Share,Operating Profit Per Share,Per Share Net profit before tax,Debt ratio %,Net worth/Assets,Operating profit/Paid-in capital,Net profit before tax/Paid-in capital,Operating profit per person,Working Capital to Total Assets,Cash/Total Assets,Current Liability to Assets,Retained Earnings to Total Assets,Total expense/Assets,CFO to Assets,Current Liability to Current Assets,Operating Funds to Liability,Net Income to Total Assets,Gross Profit to Sales,Equity to Liability,Bankrupt?
0,0.4243894461,0.4057497725,0.3705942573,0.6014572133,0.6014572133,0.4581431435,0,0.1479499389,0.1479499389,0.1479499389,0.1691405881,0.3116644267,0.09592052764,0.1387361603,0.2075762615,0.7924237385,0.09588483398,0.1377573335,0.3929128695,0.6727752925,0.004094405952,0.1473084504,0.9032247712,0.06485570769,0.5203819179,0.1182504766,0.3340151713,0.7168453432,0.6014532901,0.01646874091,1
1,0.53821413,0.5167300177,0.4642909375,0.6102350855,0.6102350855,0.4618672572,0,0.182251064,0.182251064,0.182251064,0.208943935,0.3181368041,0.09372200961,0.1699179031,0.1711763461,0.8288236539,0.0937433843,0.1689616168,0.3915899686,0.751110917,0.01494772697,0.05696282742,0.9310652176,0.02551586,0.5671013087,0.04777528159,0.341105992,0.795297136,0.6102365259,0.02079430633,1
2,0.4990187527,0.4722950907,0.4260712719,0.6014500065,0.601363525,0.4585205875,0,0.1779107497,0.1779107497,0.193712865,0.1805805049,0.3071019311,0.09233775751,0.1428033441,0.2075157965,0.7924842035,0.09231846532,0.1480355931,0.3819678433,0.8295019149,0.0009909444511,0.09816206454,0.9099033625,0.02138742823,0.5384905396,0.02534648913,0.3367314947,0.774669697,0.6014493405,0.01647411433,1
3,0.4512647187,0.4577332834,0.3998440014,0.5835411292,0.5835411292,0.4657054427,0,0.1541865071,0.1541865071,0.1541865071,0.1937222275,0.3216736224,0.0777623972,0.148602847,0.151464764,0.848535236,0.07772729493,0.1475605158,0.3784966419,0.7257541797,0.01885062483,0.09871463045,0.9069021588,0.02416107017,0.6041050562,0.06724961726,0.348716439,0.7395545252,0.5835376122,0.02398233221,1
4,0.5384321849,0.5222977675,0.4650221811,0.5987834936,0.5987834936,0.4627462822,0,0.167502423,0.167502423,0.167502423,0.2125366361,0.3191624814,0.09689764677,0.1684115388,0.1065090546,0.8934909454,0.09692706043,0.1674609758,0.3943714525,0.7518224525,0.01416097375,0.1101948459,0.9138501975,0.02638524565,0.5784689032,0.04772537176,0.3446387536,0.7950158726,0.5987815099,0.03549020088,1
5,0.4151766245,0.4191337866,0.388680349,0.5901713775,0.5902506522,0.4658614529,0,0.1555770933,0.1555770933,0.1555770933,0.174435095,0.3253872816,0.07808810357,0.1388114785,0.1804274874,0.8195725126,0.07810184507,0.1378252017,0.3775694806,0.6867286462,0.002645225643,0.1390021064,0.9030412671,0.04009362198,0.6221901234,0.09952193311,0.3505631468,0.7104204951,0.5901723267,0.01953447783,1
6,0.4457043175,0.4361582526,0.3909228294,0.6199498407,0.6199498407,0.4610201052,0,0.1588217943,0.1588217943,0.1588217943,0.1614824619,0.3166867086,0.09991043075,0.1289447917,0.216101823,0.783898177,0.09986646474,0.1279390695,0.3931729269,0.7294164622,0.02298859798,0.1159204117,0.9114414078,0.09280230659,0.5606529996,0.06076512479,0.3400805369,0.7366190977,0.6199488672,0.01566307465,0
7,0.5709223724,0.5590770384,0.5083605518,0.6017382782,0.6017166578,0.4670239803,0.1576070452,0.1769836922,0.1769836922,0.1769836922,0.2252056349,0.324114027,0.1047960264,0.1804624539,0.1082020739,0.8917979261,0.1047844708,0.17951889,0.3964632188,0.7970052139,0.0146159134,0.08704180113,0.9354493092,0.02548215277,0.6100908116,0.03020110459,0.3535106152,0.8153503925,0.60173934,0.03488855618,0
8,0.5451373746,0.5432839017,0.4885194755,0.603612044,0.603612044,0.4631421789,0.005871039579,0.1841894568,0.1841894568,0.1841894568,0.2183984116,0.3187734314,0.0951876883,0.1731565866,0.05859056142,0.9414094386,0.09520901526,0.1721589624,0.3919404808,0.8137375229,0.1451892177,0.05805972841,0.9352002093,0.02988406107,0.5740327853,0.02171046145,0.3454408186,0.8036472898,0.6036134511,0.06582649747,0
9,0.5509158308,0.5429626854,0.4956856628,0.5992086943,0.5992086943,0.4705753085,0.3924486284,0.1774472209,0.1774472209,0.1774472209,0.217831143,0.3301619863,0.1098444752,0.1766212247,0.1212927412,0.8787072588,0.1098734672,0.1756579443,0.3963727641,0.8256958707,0.008772790915,0.09456330283,0.9382898968,0.03589106198,0.6451462861,0.02549430196,0.3610435404,0.8041946565,0.5992050741,0.03080086509,0
10,0.5675425207,0.5381979763,0.4824745283,0.614025858,0.614025858,0.4648180301,0,0.1829252876,0.1829252876,0.1829252876,0.2189656802,0.3191624814,0.0964905138,0.1785794984,0.1035765033,0.8964234967,0.09647108636,0.1776110399,0.3927545736,0.7512043429,0.002056836237,0.03208680276,0.9428289562,0.02880240075,0.5748456831,0.04716634801,0.3436799079,0.8141106143,0.6140211929,0.03657169132,0
11,0.5497165286,0.4989560469,0.4444011115,0.623711786,0.623711786,0.4654907191,0,0.1738654081,0.1738654081,0.1738654081,0.2046894204,0.3198698451,0.09600195424,0.1724787226,0.09438582701,0.905614173,0.09596625792,0.171525526,0.392437982,0.7691138894,0.02054222883,0.04799481295,0.9329552152,0.05695228043,0.5829026759,0.03371160168,0.3465565957,0.804886953,0.6237092034,0.0403810197,0
12,0.5515699956,0.5433909738,0.4911519524,0.6081307024,0.6081379092,0.4641000478,0.1852414212,0.1693986768,0.1693986768,0.1693986768,0.2193438593,0.321213836,0.104877453,0.1742863599,0.1446624543,0.8553375457,0.1048577524,0.1732900988,0.4018452771,0.7600002218,0.05821800148,0.09567189953,0.9301396348,0.02898156495,0.588644149,0.04351398962,0.3457866796,0.8032601606,0.6081254444,0.02528172023,0
13,0.5333078936,0.523689705,0.4740408521,0.6005779847,0.6005779847,0.4671984433,0,0.1715477645,0.1715477645,0.1715477645,0.2129148152,0.3223102497,0.09600195424,0.1688634481,0.1065695196,0.8934304804,0.09595811552,0.167860644,0.3924945162,0.7919096265,0.07416985662,0.06916616596,0.9307632027,0.02448355634,0.6019004897,0.02890167236,0.3513517627,0.7941578525,0.6005775579,0.03546410877,0
14,0.5758286088,0.5698377857,0.5067030663,0.604685856,0.604685856,0.4787666809,0,0.180565505,0.180565505,0.180565505,0.2264347168,0.3238664497,0.1031674945,0.1788807713,0.08963932642,0.9103606736,0.1031804192,0.1779202172,0.3999231135,0.8023909191,0.02119401696,0.02763802322,0.9402516575,0.01194150746,0.609617682,0.01555313267,0.3558919155,0.8197153573,0.6046828999,0.04264642522,0
15,0.5710859137,0.558755822,0.5138205041,0.621773159,0.621773159,0.4720934719,0.2587306408,0.1743289368,0.1743289368,0.1817875353,0.2237874634,0.3255641225,0.1103330348,0.1824207276,0.09907186262,0.9009281374,0.1103131565,0.1798280673,0.4045136926,0.791990661,0.003766824232,0.05338535636,0.9335409105,0.05538189533,0.6177594695,0.02581284871,0.3570029214,0.8154187139,0.6217689576,0.03835374736,0
16,0.5602376799,0.5402858825,0.488909472,0.6065235878,0.6065235878,0.4621960528,0.02945642271,0.183852345,0.183852345,0.183852345,0.2201947622,0.317924595,0.09575767446,0.1761693154,0.06128125283,0.9387187472,0.09575455567,0.1751677852,0.3937269623,0.7520322185,0.05286670075,0.03876165504,0.9420182185,0.00767860873,0.567470422,0.0462912302,0.3420665045,0.8104211346,0.6065240372,0.06294022965,0
17,0.5904382904,0.5809197495,0.5359528104,0.6184508281,0.6184508281,0.4700619847,0.2174309141,0.1895411066,0.1895411066,0.1895411066,0.2330528505,0.3231590861,0.1141600847,0.1892746855,0.07872539831,0.9212746017,0.1141726513,0.1882889676,0.4005789105,0.8163635016,0.01390717094,0.04463737801,0.9488589065,0.04001848553,0.6006552198,0.01815663757,0.3544645951,0.8266420412,0.618451696,0.04882192752,0
18,0.55980157,0.5586487499,0.5040705894,0.5983438793,0.5983438793,0.4684431695,0.09555623039,0.1751295773,0.1751295773,0.1751295773,0.2200056727,0.3271910589,0.1021089488,0.1760186789,0.1413368806,0.8586631194,0.1021137655,0.1750622125,0.4017548224,0.7665802512,0.01280128502,0.08741314147,0.935009282,0.02000279983,0.6217930717,0.04008366267,0.3531374311,0.8062639146,0.5983449638,0.02595322299,0
19,0.5437200174,0.5336474115,0.4873982353,0.6362588103,0.6362516035,0.465163601,0.4416438911,0.1764780245,0.1764780245,0.1764780245,0.217452964,0.3199052133,0.1027603615,0.1745123145,0.07748586631,0.9225141337,0.1027570147,0.1735314079,0.3932520748,0.8090732012,0.0935031389,0.05477159596,0.9335639709,0.08729596253,0.5838054846,0.02193686106,0.3481283819,0.8025518494,0.6362559411,0.04962245528,0
20,0.5455734845,0.5346645966,0.485253254,0.6221767394,0.6222560141,0.4882413628,0.2610588116,0.1891197168,0.1891197168,0.1891197168,0.2193438593,0.322946877,0.1012132562,0.1761693154,0.09635093872,0.9036490613,0.1011692478,0.1752054898,0.3983175414,0.789153248,0.03192408648,0.01254828058,0.9397651397,0.02352948285,0.5968018032,0.0109407284,0.3508286152,0.8046390121,0.6221771905,0.03950700469,0
21,0.5644897514,0.553027464,0.5045580851,0.6074460572,0.6074460572,0.4706440871,0.2089280292,0.1854536261,0.1854536261,0.1854536261,0.2253947244,0.3270849544,0.1074016774,0.1816675454,0.1007346495,0.8992653505,0.1074226065,0.1806651082,0.397910495,0.8473458616,0.139413215,0.0685261041,0.9379208049,0.03349037768,0.6234894894,0.01861294318,0.3584786393,0.8140118827,0.6074414372,0.03768008635,0
22,0.5636720454,0.5690347449,0.5120167699,0.6189336831,0.6189336831,0.4706524748,0.005567365118,0.1769836922,0.1769836922,0.1769836922,0.2232201948,0.3296314635,0.1100073284,0.1774497251,0.146506636,0.853493364,0.1100363151,0.1764949853,0.3940096334,0.7641448835,0.03827230258,0.07763949036,0.9362238018,0.05678655211,0.6313444857,0.04039478383,0.3547229846,0.8089764272,0.6189331709,0.02491460498,0
23,0.5481356302,0.5404464907,0.49485692,0.6095071996,0.6095071996,0.4642644456,0.4176536087,0.1844001517,0.1844001517,0.1844001517,0.2189656802,0.3293838863,0.1091930625,0.1738344506,0.1930344348,0.8069655652,0.1091487941,0.1728602669,0.3963388435,0.7340303665,0.2078663895,0.1487909991,0.9385612335,0.02305698048,0.6042241738,0.0552426751,0.3470348013,0.7981036293,0.6095079703,0.01800512461,0
24,0.5613824684,0.5525991755,0.5099692878,0.6029562259,0.6029562259,0.4646033064,0.3069136552,0.1728962117,0.1728962117,0.1728962117,0.221896568,0.3282521044,0.1138343783,0.1782782255,0.1945158267,0.8054841733,0.1138306708,0.1773094035,0.3980461772,0.7458113163,0.01786083863,0.1471429548,0.9338835621,0.02884647026,0.6084120928,0.05017065118,0.3476571301,0.8034446454,0.6029515077,0.01783920063,0
25,0.5036524204,0.4955297393,0.4449861064,0.6117629254,0.6118061661,0.4668730027,0,0.1613079938,0.1613079938,0.1613079938,0.2035548832,0.320435736,0.0938848628,0.1606537621,0.1467484959,0.8532515041,0.09390623219,0.1596787573,0.3908550236,0.7529919823,0.0149537657,0.04465163343,0.923742746,0.02987882421,0.5873884707,0.04550391954,0.3454508165,0.7729088847,0.611760575,0.02486872854,0
26,0.5636175316,0.5686064564,0.5192804563,0.6265440551,0.6265440551,0.4710584367,0.2310962648,0.1792170579,0.1792170579,0.1792170579,0.2242601872,0.3257763316,0.1083787965,0.1796339535,0.09205792545,0.9079420746,0.1084078362,0.1786969308,0.395502137,0.7469120995,0.02600642233,0.06607320307,0.942045501,0.05310081799,0.6239428289,0.05148137597,0.3602325257,0.8129736441,0.62654338,0.04146496574,0
27,0.5930549498,0.5924835377,0.5474089602,0.6097378169,0.6097378169,0.4958808284,0.2137868205,0.1826303148,0.1826303148,0.1826303148,0.2284201569,0.3318950272,0.1115544337,0.1859606839,0.03609759047,0.9639024095,0.1115752276,0.1849860493,0.4031907917,0.8390022749,0.1062960043,0.03837335082,0.943096297,0.02120355895,0.6881848188,0.01339330662,0.4377558862,0.8301764053,0.6097326349,0.104842365,0
28,0.563944614,0.5505648054,0.5008531175,0.6020265498,0.6022932011,0.4738884276,0.1963761514,0.1779528886,0.1779528886,0.1779528886,0.2205729413,0.3252458089,0.09714192655,0.1784288619,0.08957886144,0.9104211386,0.09713876268,0.1774903853,0.3928676421,0.8194444664,0.007991228921,0.0494640841,0.9376858476,0.02095119387,0.6221495826,0.01880218338,0.3601453492,0.8121002855,0.6020270357,0.0426818999,0
29,0.4702354993,0.4637828578,0.4161263589,0.599115006,0.599115006,0.4602467645,0,0.1562091779,0.1562091779,0.1562091779,0.1778387066,0.3131852585,0.09852617865,0.1396399789,0.2196087916,0.7803912084,0.09854739688,0.1386245381,0.3941000882,0.7037302562,0.008266417002,0.1982850952,0.9089476977,0.05308955311,0.5437399153,0.06581585308,0.3376875379,0.7504308392,0.599110129,0.01534859513,1
30,0.5360335805,0.5144279672,0.4621947058,0.5999870278,0.5999870278,0.4589835854,0,0.1455058784,0.1455058784,0.1455058784,0.2025148908,0.312690104,0.09193062454,0.1655494464,0.2288901654,0.7711098346,0.09191134561,0.1645652666,0.3898147939,0.6733251407,0.01106091355,0.1410365576,0.8684607173,0.0224017066,0.5332211225,0.1248827102,0.3363708955,0.7870815622,0.5999836437,0.01456157128,1
31,0.5444832098,0.5296857433,0.4760883342,0.618868822,0.618868822,0.4632092801,0,0.1586953774,0.1586953774,0.1586953774,0.2110239198,0.3223456179,0.1024346552,0.1699932214,0.2082413762,0.7917586238,0.1024231765,0.1689917804,0.3941000882,0.6970451113,0.02307051968,0.1444647557,0.9083301789,0.0553442034,0.588965229,0.08266607189,0.3442952017,0.7960226664,0.6188638981,0.01640393091,0
32,0.5707043175,0.5598265432,0.5058743236,0.6011689416,0.6011761484,0.4644590389,0.07703208827,0.1770258312,0.1770258312,0.1770258312,0.2253947244,0.3212845724,0.1032489211,0.1792573624,0.1168485655,0.8831514345,0.1030827104,0.1782067717,0.3959091834,0.7854272011,0.006430036105,0.08802751105,0.9374735398,0.02612448675,0.5896580994,0.03344183208,0.3472325531,0.8141021444,0.6011691052,0.03208574078,0
33,0.5447557785,0.5405000268,0.4863744942,0.6034751149,0.6034751149,0.4657540911,0.03998380403,0.1858750158,0.1858750158,0.1858750158,0.2182093221,0.3210369951,0.09323345004,0.1730812684,0.06233938991,0.9376606101,0.09319784389,0.1720910942,0.3910246263,0.7998907514,0.1099419003,0.06298523187,0.9371017644,0.02979768275,0.5901300132,0.02569035941,0.3528424587,0.802923478,0.6034738849,0.06188660314,0
34,0.5509158308,0.5485839713,0.4943694243,0.5991077992,0.5991077992,0.4636521477,0.09383540844,0.174033964,0.174033964,0.174033964,0.2186820459,0.3209308906,0.1082159433,0.1736084959,0.1241043625,0.8758956375,0.1082042764,0.1726566624,0.3957621944,0.8261808084,0.009640278207,0.1079731411,0.9347303365,0.04070110917,0.5872527517,0.0270097755,0.3462646022,0.8030657443,0.5991066147,0.03002355748,0
35,0.5645442652,0.5250281064,0.4751620923,0.6142780957,0.6142780957,0.4667572532,0,0.1801862543,0.1801862543,0.1801862543,0.2135766285,0.3197637405,0.09608338083,0.1776756797,0.1226229706,0.8773770294,0.09609653623,0.1766985898,0.3925962778,0.7531311066,0.001818174317,0.02682492642,0.9382337887,0.03023727314,0.5780650516,0.04356997275,0.3440303741,0.8112573832,0.6142772142,0.03043123414,0
36,0.5163541212,0.5171047701,0.4629259494,0.6227028352,0.6225298722,0.4639406826,0,0.1661118368,0.1661118368,0.1661118368,0.2097948379,0.3196930042,0.09714192655,0.1644196731,0.1392810714,0.8607189286,0.09710619311,0.1634718347,0.3932068474,0.7520310739,0.03464994788,0.06688640038,0.9274071087,0.04444513232,0.5804277578,0.04714616763,0.3441596513,0.7843848788,0.622697745,0.02638735687,0
37,0.541321413,0.529310991,0.4789158095,0.6070424768,0.6070064429,0.4635682712,0.5448932078,0.167502423,0.167502423,0.167502423,0.2149948,0.3195515314,0.1008061233,0.1717255404,0.1472019833,0.8527980167,0.1007946977,0.1707789759,0.3978652676,0.7846585938,0.04210421263,0.06678989893,0.9305394982,0.02688566593,0.5780926252,0.03071111624,0.3434860222,0.797743521,0.607041508,0.02478087823,0
38,0.5394679459,0.5308635366,0.4810607907,0.6008806699,0.6008806699,0.4675524018,0,0.1721798491,0.1721798491,0.1721798491,0.2153729791,0.3201527905,0.09689764677,0.1706710853,0.09538349911,0.9046165009,0.09691891804,0.1696629213,0.393240768,0.8211572039,0.05516302155,0.03691093925,0.9321021194,0.02271119696,0.5858085683,0.01530361363,0.3474239231,0.7981738975,0.6008763975,0.03993516997,0
39,0.5480266027,0.5441404786,0.4862282455,0.5984447744,0.5984447744,0.4717093178,0,0.1771101091,0.1771101091,0.1771101091,0.2122530018,0.3214260451,0.09461770214,0.1712736311,0.08008586027,0.9199141397,0.09463904767,0.1703114396,0.3913638317,0.8009665503,0.02543443151,0.03184253311,0.9343633182,0.01415241709,0.5953181411,0.01739001308,0.3522316437,0.8013715697,0.5984402765,0.04795994156,0
40,0.571631051,0.549226404,0.5078243065,0.6253261073,0.6253261073,0.4691510866,0.302560988,0.1748767435,0.1748767435,0.1779107497,0.2216129337,0.324503077,0.1136715251,0.183927092,0.1188741422,0.8811258578,0.1136515381,0.1821280446,0.4074647792,0.7732002258,0.00423350685,0.06203195907,0.9328530377,0.05338654384,0.6093379645,0.03428225509,0.3522015551,0.8157310851,0.6253266348,0.0314853592,0
41,0.5626907981,0.5415172118,0.4891532199,0.6044119979,0.6044119979,0.461857192,0,0.1850743753,0.1850743753,0.1850743753,0.2206674861,0.3178538587,0.09535054149,0.1766212247,0.06902076972,0.9309792303,0.09534743596,0.1756805671,0.3924719025,0.7465859218,0.05451523815,0.04978935752,0.9421002883,0.009311911538,0.5667293681,0.05298949268,0.3415953019,0.8114263008,0.6044099722,0.05585778159,0
42,0.5668883559,0.5590770384,0.5111880271,0.61817697,0.61817697,0.4667320903,0.2357526065,0.1869706291,0.1869706291,0.1869706291,0.2254892692,0.3222395133,0.1072388242,0.1812156361,0.08664631012,0.9133536899,0.1072434739,0.18026544,0.397401687,0.801107925,0.04966526136,0.06116037969,0.945429866,0.04263375187,0.5949515482,0.02504104178,0.3512700752,0.8135677603,0.6181778095,0.04419508087,0
43,0.5758831225,0.5764227207,0.5230341735,0.6003473674,0.6003473674,0.4669166184,0.1221783581,0.178964224,0.178964224,0.178964224,0.2283256122,0.3271203226,0.1121244198,0.1830232733,0.1379810745,0.8620189255,0.1120963408,0.1820224719,0.41638588,0.7515693147,0.01855217115,0.1049749265,0.9384963809,0.0182407389,0.6183807037,0.04782057086,0.3526717763,0.8162565919,0.6003431931,0.02667395646,0
44,0.5534234627,0.5529203919,0.5088480476,0.6357183009,0.6357183009,0.4680254649,0.3901204575,0.1744132148,0.1744132148,0.1744132148,0.2228420157,0.3229822452,0.1050403062,0.1775250433,0.09115095081,0.9088490492,0.1050287427,0.1765251489,0.3937156555,0.7959265404,0.08480826609,0.07021803665,0.9351800584,0.08487932392,0.6078612355,0.02798922144,0.355067082,0.8075726288,0.6357176375,0.04190581336,0
45,0.54900785,0.5389474811,0.4889582216,0.6243171565,0.6242883293,0.4871828422,0.2166211155,0.1870970461,0.1870970461,0.1870970461,0.2205729413,0.3219211997,0.1026789349,0.1769224976,0.09423466457,0.9057653354,0.1026348788,0.1759294171,0.4006580584,0.7754794142,0.008047887185,0.01094713477,0.9405551399,0.0234604462,0.591717759,0.01378804464,0.3494080857,0.8066665377,0.624317901,0.04044989678,0
46,0.5635085041,0.5458536324,0.5021206064,0.6088657951,0.6088657951,0.4686964764,0.2958801498,0.1852007922,0.1852007922,0.1852007922,0.2228420157,0.324892127,0.1120429932,0.1826466822,0.09967651238,0.9003234876,0.1120556288,0.1816529673,0.4006806721,0.8553045126,0.1336049395,0.06767707713,0.9376698991,0.04379226099,0.6105191401,0.01756790848,0.3546952238,0.8135804033,0.608863792,0.03810521247,0
47,0.5633449629,0.5723539804,0.523082923,0.620944378,0.620944378,0.471281548,0.2810001012,0.1787535291,0.1787535291,0.1787535291,0.2257729035,0.331470609,0.1166843091,0.1810649996,0.1419415304,0.8580584696,0.1167049359,0.1801221627,0.3950385563,0.7645475797,0.05139045352,0.08357791662,0.9375435566,0.05832785673,0.6413027983,0.04068629539,0.3573267698,0.8099000258,0.6209407266,0.02582930525,0
48,0.5505342346,0.539804058,0.4933456832,0.6102062584,0.6102062584,0.4602685723,0.250126531,0.1854114871,0.1854114871,0.1854114871,0.2195329489,0.312301054,0.1041446136,0.1753408149,0.2011065091,0.7988934909,0.1041575065,0.1743684488,0.3948689537,0.7366285465,0.09986267987,0.1547353,0.9391197043,0.0225617309,0.5485822092,0.05379309032,0.3381716214,0.7998416845,0.6102021196,0.01712513732,0
49,0.5597470563,0.5491728679,0.5056305757,0.6045633405,0.6045633405,0.4637142162,0.2442554914,0.1725169609,0.1725169609,0.1725169609,0.2184929564,0.3246445498,0.1113915805,0.1760939971,0.1846600357,0.8153399643,0.1114042373,0.1751527034,0.3975712897,0.741778104,0.008639336634,0.1488635361,0.9329661882,0.03000308752,0.5966635799,0.05178338637,0.3460462166,0.8026379508,0.6045643001,0.01899811018,0
50,0.527202355,0.5225119118,0.4695558914,0.6194021246,0.61952464,0.4643265142,0,0.1595381568,0.1595381568,0.1595381568,0.2124420913,0.319657636,0.09828189887,0.1667545379,0.1542159204,0.8457840796,0.09830312505,0.1657944348,0.394552362,0.7327404209,0.01418868251,0.06182891774,0.9211574003,0.02896796058,0.5814535261,0.07117317122,0.3440342074,0.7881256402,0.6194029124,0.02349135599,0
51,0.5615460096,0.568178168,0.5237166675,0.6264143329,0.6264143329,0.4710500491,0.3539831967,0.1794277527,0.1794277527,0.1794277527,0.2238820081,0.3268373771,0.1111473007,0.1803871356,0.09160443813,0.9083955619,0.1111599655,0.1794133172,0.3965310599,0.7399148372,0.0335859206,0.07444981324,0.9417524143,0.04929907956,0.6313684083,0.0575078521,0.3627844897,0.8113288975,0.6264133255,0.04168020883,0
52,0.5648713476,0.568178168,0.5219129333,0.6092909958,0.6092405483,0.4688961023,0.2854539933,0.1786692512,0.1786692512,0.1786692512,0.2216129337,0.3219565679,0.1081345167,0.1785041802,0.05184871663,0.9481512834,0.1080984253,0.1775507126,0.4025236878,0.8207654921,0.1148420243,0.05489849502,0.9374104543,0.02498379903,0.6029179743,0.01978951726,0.3623534328,0.8128264292,0.609287662,0.0742659977,0
53,0.5596925425,0.5506718775,0.5031930971,0.6035904236,0.6030715346,0.4671028241,0.2732057901,0.1793856138,0.1793856138,0.1793856138,0.221896568,0.3225224588,0.09852617865,0.1783535437,0.0939021072,0.9060978928,0.09853111209,0.177354649,0.3937721897,0.7972771173,0.008846650059,0.06661781401,0.9363009047,0.015704432,0.5999441441,0.02701680686,0.352099142,0.8096613627,0.6035863157,0.04060105366,0
54,0.5165721762,0.5055945179,0.453029786,0.5969457617,0.5969529685,0.4622430236,0,0.1567991235,0.1567991235,0.1567991235,0.2001512716,0.3189149042,0.09412914258,0.1580176245,0.2103576503,0.7896423497,0.09410164965,0.1570168162,0.3901766129,0.7151235093,0.00555943792,0.08979844278,0.9208824885,0.01597916011,0.5717003752,0.08645832303,0.3417019484,0.7770944664,0.5969464663,0.01619890877,1
55,0.5388137811,0.517051234,0.4720908692,0.5973925828,0.5973925828,0.4613774188,0,0.1482027727,0.1482027727,0.1482027727,0.2060130472,0.317535545,0.0951876883,0.1679596294,0.2352994528,0.7647005472,0.09516830329,0.1673101576,0.3919178671,0.6623599625,0.02032685285,0.2018941378,0.9128259403,0.02019519216,0.5644452746,0.09480622034,0.340628505,0.791982245,0.597393771,0.01405421588,1
56,0.0571849106,0.05482092189,0.06693316433,0.6018607936,0.6018607936,0.4582639256,0,0.1200117989,0.1200117989,0.1200117989,0.08423938735,0.3084812902,0.06619982086,0.06748512465,0.3213713456,0.6786286544,0.06699561939,0.07245305784,0.3702087244,0.6923750341,0.2109152121,0.2522979626,0.8419663782,0.2037062534,0.4918128708,0.06528574913,0.3335386831,0.5256509521,0.6018571148,0.009178169568,1
57,0.4672917575,0.4534503988,0.4066689416,0.5959944652,0.5959944652,0.4596059485,0,0.1515317517,0.1515317517,0.1515317517,0.1750023636,0.3115936903,0.06986401759,0.141372298,0.2214529734,0.7785470266,0.06984545736,0.1403514064,0.3687614482,0.6762797362,0.04992771998,0.1984801376,0.9150311124,0.06889950985,0.5319291327,0.08335778781,0.3360485476,0.7465859969,0.595993936,0.01518554644,1
58,0.5443196686,0.5364312865,0.4822307805,0.6180832817,0.6180832817,0.4625718192,0,0.1560827609,0.1560827609,0.1560827609,0.2156566134,0.3197991087,0.1008061233,0.17089704,0.2028599933,0.7971400067,0.1008109825,0.1698363623,0.393749576,0.7238550404,0.03029460994,0.1128833132,0.9035444939,0.05691608071,0.5769737477,0.06577270933,0.3425496393,0.7975850814,0.6180837464,0.01694302545,0
59,0.5501526385,0.5403394186,0.4885194755,0.6007365341,0.6007581545,0.4628989373,0.1709687215,0.1833888163,0.1833888163,0.1833888163,0.2209511204,0.3207186815,0.1056102923,0.1765459065,0.141548508,0.858451492,0.1041412217,0.1746097579,0.3960222519,0.7671629096,0.01602841612,0.1144935765,0.9363478166,0.02833634889,0.5806172437,0.04156885146,0.3441466553,0.8047055307,0.6007370204,0.02591254713,0
60,0.5334169211,0.5278119814,0.4764783308,0.6046354084,0.6046354084,0.4672571568,0.495191821,0.1812818676,0.1812818676,0.1812818676,0.2150893448,0.3199759496,0.09510626171,0.1709723582,0.04163013574,0.9583698643,0.09511944892,0.1699871805,0.3919065602,0.8206790318,0.09915234073,0.03840177259,0.9420436638,0.03167794046,0.5855980838,0.01579418134,0.3552014824,0.7973897467,0.6046324907,0.09171005431,0
61,0.5189162669,0.5474597141,0.4881294789,0.5979475057,0.5979475057,0.4674316197,0,0.1681766466,0.1681766466,0.1681766466,0.2188711355,0.3230529815,0.09974757756,0.1646456278,0.1224113432,0.8775886568,0.09976875601,0.1636905211,0.3933199159,0.8468802723,0.03391996254,0.07603707474,0.9288237263,0.04497254681,0.6072368351,0.01987791361,0.3513525076,0.7860426875,0.5979440895,0.03048574408,0
62,0.5478630615,0.516141121,0.4691658948,0.6104729097,0.6104729097,0.4677386075,0.1091203563,0.1760987738,0.1760987738,0.1760987738,0.210551196,0.3199759496,0.09665336699,0.1736838141,0.1162136832,0.8837863168,0.09665836142,0.1726642033,0.3932859953,0.7555039833,0.002179609746,0.0273096421,0.9341881859,0.03120417452,0.5808208952,0.04015042107,0.3449367038,0.8029784689,0.6104717744,0.03227629547,0
63,0.5529328391,0.5401252744,0.4822795301,0.6190489918,0.6190201646,0.4622279258,0,0.1656483081,0.1656483081,0.1656483081,0.2169802401,0.3183843814,0.1020275222,0.1721774497,0.1520996463,0.8479003537,0.1019834872,0.1711409396,0.3964858325,0.7561466133,0.04146089838,0.07473307437,0.9316386477,0.04054640916,0.5703938957,0.04458263254,0.3418321331,0.8028366235,0.619044363,0.0238659907,0
64,0.5267662451,0.5150703999,0.4641934383,0.6059326309,0.6058749766,0.4609462939,0,0.1710420968,0.1710420968,0.1710420968,0.2106457408,0.3168989177,0.09738620633,0.1674324019,0.1583880037,0.8416119963,0.09716318986,0.1667068849,0.3939870197,0.7562447034,0.03885512899,0.08933666608,0.9295742059,0.02662194369,0.5609167144,0.04510880744,0.3399343445,0.7905193591,0.6059335851,0.02277434872,0
65,0.5405582207,0.5287756304,0.4758933359,0.6007365341,0.6007365341,0.464433876,0.09788440126,0.1741603809,0.1741603809,0.1741603809,0.2157511582,0.3192332178,0.09689764677,0.1718008586,0.1005532545,0.8994467455,0.09681306691,0.1707865169,0.3933312227,0.834827305,0.09195413088,0.04497955407,0.9337182165,0.01987924374,0.5773275065,0.01550196697,0.3445192432,0.8000338653,0.600731528,0.03774776151,0
66,0.5145006542,0.5279725895,0.4735046068,0.5951224434,0.5951224434,0.4618068661,0,0.1727697948,0.1727697948,0.1727697948,0.2088493902,0.3178538587,0.09201205114,0.1652481735,0.08579980047,0.9142001995,0.09199276955,0.164278712,0.3885710409,0.7906309652,0.06777362338,0.06503200199,0.9275216955,0.01184512801,0.5670987533,0.02855156127,0.341547439,0.7843189118,0.595122147,0.0446402137,0
67,0.5539686001,0.5514749184,0.5035343441,0.6203966618,0.6203966618,0.46920309,0.2948679016,0.1762251907,0.1762251907,0.1762251907,0.2225583814,0.3224163542,0.1086230763,0.1779016344,0.1133113644,0.8866886356,0.1085381145,0.1768418671,0.4033603944,0.8005995253,0.004262318492,0.04563344086,0.932855984,0.05007067384,0.5978001549,0.02163919351,0.3496311769,0.8080471227,0.6203942267,0.03318426025,0
68,0.5459005669,0.53027464,0.4783308146,0.6041021058,0.6041021058,0.461714602,0,0.1860857107,0.1860857107,0.1860857107,0.2181147773,0.3176770178,0.09583910105,0.1731565866,0.06542310367,0.9345768963,0.09583597961,0.1721514215,0.3939304855,0.7580278878,0.003930077776,0.03155618159,0.941790765,0.00637252851,0.5655075747,0.03818926652,0.3410880991,0.8034443568,0.6041027625,0.05897116219,0
69,0.5490623637,0.5455324161,0.4963681568,0.6124259502,0.612397123,0.4675859524,0.3419374431,0.1868442122,0.1868442122,0.1868442122,0.2201002175,0.3243969725,0.1082159433,0.1769224976,0.1400066511,0.8599933489,0.1081879916,0.1759444989,0.3938739513,0.8034081866,0.03597788131,0.05760915571,0.9406928635,0.04473555339,0.5977780214,0.02377858042,0.3479634972,0.8029885331,0.6124265313,0.02623358823,0
70,0.5881487135,0.5892178382,0.5448252328,0.600635639,0.600635639,0.4716757673,0.2361575058,0.1835152332,0.1835152332,0.1835152332,0.2349437459,0.3292070453,0.1191271069,0.1910823228,0.1027904586,0.8972095414,0.1190987998,0.1899932132,0.4241423758,0.7814327048,0.02710260267,0.07669583137,0.9426196853,0.01692246237,0.637827388,0.03327850753,0.362389959,0.8279846725,0.6006334926,0.03687092574,0
71,0.5697230702,0.5630922426,0.5200604495,0.6367849061,0.6367849061,0.4722125764,0.2858588926,0.1761409127,0.1761409127,0.1761409127,0.2257729035,0.3251750725,0.109274489,0.1824207276,0.08208120446,0.9179187955,0.1087172472,0.1809667446,0.3943036114,0.7992052958,0.08264835679,0.06074385132,0.9398878373,0.09909853349,0.6257059121,0.02542365185,0.3631446176,0.8184857535,0.6367806332,0.04676411844,0
72,0.5463911906,0.5377696879,0.4888119729,0.6239856441,0.6239063694,0.4858626272,0.281101326,0.1870549071,0.1870549071,0.1870549071,0.2198165832,0.3234773997,0.0991775914,0.1764705882,0.09849744535,0.9015025546,0.09914993405,0.1755297489,0.3971303227,0.7753064412,0.00494093963,0.0156023961,0.9400561328,0.02462573932,0.6008407187,0.01751619234,0.3518650925,0.8050478664,0.6239830135,0.03859359386,0
73,0.5806803314,0.5742812784,0.5323940916,0.6088657951,0.6088657951,0.4684783976,0.2658163782,0.1912688045,0.1912688045,0.1912688045,0.2360782831,0.3247152861,0.1189642537,0.1907810499,0.09417419959,0.9058258004,0.1181461397,0.189088304,0.4052260238,0.8891901313,0.2408954783,0.06345622374,0.9424469541,0.03539784084,0.6063898212,0.0138816324,0.3541479479,0.8240622317,0.6088623956,0.04047951248,0
74,0.5663977322,0.5763691846,0.525032906,0.6193300566,0.6193300566,0.4685958246,0.1879744913,0.1798070035,0.1798070035,0.1798070035,0.227569254,0.3289594681,0.1102516082,0.1822700911,0.1290322581,0.8709677419,0.1102073054,0.1812759219,0.3942696909,0.7564825702,0.04910264841,0.0997590215,0.9384160262,0.05033036223,0.6312481362,0.04531529955,0.3565441107,0.8143827861,0.6193256835,0.02875355937,0
75,0.5472634104,0.5358959259,0.4895432165,0.6075397455,0.6075397455,0.4603440611,0.3629922057,0.1889511609,0.1889511609,0.1889511609,0.2185875012,0.3139633586,0.1035746275,0.1747382692,0.1966623333,0.8033376667,0.1035468269,0.173772717,0.3950272495,0.7764955973,0.1311842666,0.111648055,0.9394905445,0.02267043646,0.5537922953,0.03833142029,0.3389413144,0.798860819,0.6075390116,0.0176010295,0
76,0.5648168338,0.5588628942,0.5125530152,0.6039003157,0.6039003157,0.4623017371,0.1301751189,0.175677384,0.175677384,0.175677384,0.2269074407,0.3206125769,0.1132643922,0.1812909543,0.1820600417,0.8179399583,0.113276988,0.1802956036,0.3986115194,0.7319552774,0.0218445779,0.1565051351,0.935860147,0.02377079331,0.5778603159,0.05580315603,0.3429142856,0.8094260076,0.6038959229,0.01932684042,0
77,0.5469908417,0.5361100701,0.481938283,0.6188111676,0.6187679269,0.4619712639,0,0.1668281994,0.1668281994,0.1668281994,0.2168856954,0.3181014359,0.09421056917,0.1718008586,0.1566647519,0.8433352481,0.09441920302,0.1704471759,0.3913072974,0.7279516785,0.007775608857,0.06506719768,0.9326088365,0.02676371328,0.5680868848,0.07886108047,0.3413427494,0.7996867018,0.6188092251,0.02306535861,0
78,0.5823157436,0.5825793672,0.5401452737,0.6255999654,0.6255999654,0.4698640363,0.2650065796,0.1863385445,0.1863385445,0.1863385445,0.2324855819,0.3274386362,0.1156257634,0.1898772313,0.08933700154,0.9106629985,0.1140505154,0.1872256994,0.3974808349,0.7673304513,0.04696884553,0.08024588667,0.9470717892,0.04400424877,0.6276947837,0.03914525738,0.3620743629,0.8254857141,0.6255957738,0.04279643555,0
79,0.563126908,0.5701590021,0.5230341735,0.6071649923,0.6071505787,0.4934349916,0.2763437595,0.1782478614,0.1782478614,0.1782478614,0.2235983738,0.3273678998,0.1062617051,0.1784288619,0.04005804638,0.9599419536,0.106233817,0.177437599,0.3990298727,0.8549614305,0.1840537935,0.03003597831,0.9377597348,0.02179598902,0.654761334,0.009757949744,0.40517924,0.8137688168,0.6071607578,0.09508723923,0
80,0.5634539904,0.5520102789,0.5059230732,0.6028697444,0.602711195,0.4718267448,0.2572122684,0.1821667861,0.1821667861,0.1821667861,0.2236929186,0.3222395133,0.09592052764,0.1799352263,0.07186262358,0.9281373764,0.09587669158,0.1789985672,0.3923927546,0.8096887274,0.02305322727,0.03607650509,0.937901496,0.01610220647,0.5997479061,0.01698442883,0.3553300001,0.8136073371,0.6028673678,0.05361032338,0
81,0.4927496729,0.4820921891,0.4327499634,0.6040156243,0.6040156243,0.4542345017,0,0.1586110994,0.1586110994,0.1586110994,0.1983549211,0.2997807173,0.08281084602,0.1566618965,0.1850832905,0.8149167095,0.08280000651,0.1556971571,0.3842631329,0.7658777412,0.004204831937,0.1716649673,0.9203230436,0.05854022347,0.4510147739,0.04394613408,0.3215834455,0.7693180305,0.6040122743,0.01894770866,1
82,0.4870802442,0.5346110605,0.4806220446,0.6178670779,0.6178670779,0.4698522936,0,0.1533858666,0.1533858666,0.1533858666,0.2165075163,0.3261653816,0.1034932009,0.1556074414,0.1992320948,0.8007679052,0.1034491182,0.1545961843,0.3948915674,0.7517030788,0.03395460612,0.0728843972,0.8906348025,0.08328430246,0.6218606634,0.04747938257,0.3495952468,0.7660352221,0.6178654171,0.01732383575,0
83,0.5415939817,0.5346110605,0.4800857992,0.597904265,0.597904265,0.4651719886,0,0.1808604779,0.1808604779,0.1808604779,0.2189656802,0.3245738134,0.0991775914,0.1722527679,0.1389182816,0.8610817184,0.09871024476,0.171020285,0.3935573596,0.7713702838,0.01421839138,0.1079964082,0.9354908581,0.02436203546,0.6024701889,0.03973574501,0.3490617051,0.8002605269,0.5979013606,0.02647093769,0
84,0.5347797645,0.5278119814,0.4746745966,0.6052912265,0.6052912265,0.4702549005,0.08624354692,0.1819560912,0.1819560912,0.1819560912,0.2154675239,0.3216736224,0.09600195424,0.17089704,0.0487045379,0.9512954621,0.09596625792,0.1699042305,0.3923249135,0.8361602794,0.1499714091,0.04138319588,0.9426447149,0.03182487552,0.5987960838,0.01447329161,0.3611642098,0.798238385,0.6052892632,0.07890032171,0
85,0.5242040994,0.5204775416,0.4644859357,0.5962611165,0.5962611165,0.4599599071,0,0.165859003,0.165859003,0.165859003,0.2111184646,0.315024404,0.09323345004,0.1661519922,0.1470205883,0.8529794117,0.09321412868,0.1651383757,0.3912620701,0.8140596079,0.00736273803,0.1341814178,0.9292817164,0.03086674943,0.5468657903,0.03153245245,0.3369298462,0.7896357749,0.596259442,0.02481635032,0
86,0.5520606193,0.5399111301,0.4893482182,0.6062136958,0.6062136958,0.4707480939,0.05182710801,0.1768994143,0.1768994143,0.1768994143,0.2208565756,0.321779727,0.09494340852,0.1760939971,0.1302113251,0.8697886749,0.09489960428,0.1750923761,0.3916804233,0.7539529696,0.004134722138,0.02960717437,0.9352563057,0.02348807529,0.5905220019,0.04277564611,0.3467821601,0.8071760887,0.6062149931,0.02846361687,0
87,0.5417030092,0.5323090101,0.4776970702,0.6198633592,0.6200579426,0.4618991302,0,0.1675867009,0.1675867009,0.1675867009,0.2158457029,0.3184197496,0.09950329778,0.1707464036,0.1596880007,0.8403119993,0.09948377221,0.1697911168,0.3949707153,0.7243314373,0.05943365685,0.1134771337,0.9324747835,0.03954818162,0.569969054,0.06523399515,0.3416947528,0.7980761429,0.6198607361,0.02256282298,0
88,0.5372328827,0.5150168639,0.4631696973,0.6015509016,0.6016085559,0.4634927824,0.1645915578,0.1726012389,0.1726012389,0.1726012389,0.2114020989,0.3197637405,0.09323345004,0.17089704,0.1611089277,0.8388910723,0.09335254938,0.1698514441,0.3901653061,0.7733739411,0.03881896556,0.06147242256,0.9298099358,0.02242138233,0.5765931811,0.03411533325,0.3429586226,0.7973695579,0.6015465504,0.02232874707,0
89,0.5291648495,0.5222442315,0.4685808999,0.5988988022,0.5988988022,0.4649740402,0,0.1776157768,0.1776157768,0.1776157768,0.2144275314,0.3202588951,0.09510626171,0.1687881298,0.1127067146,0.8872932854,0.09508687935,0.1678153985,0.391850026,0.8415066764,0.1064208287,0.05473892256,0.9314557326,0.02137254289,0.5828266961,0.01679011868,0.3456103623,0.7939996003,0.5988976421,0.03337627381,0
90,0.512047536,0.5314524332,0.4766733291,0.5924991712,0.5924991712,0.4613522559,0,0.1655640302,0.1655640302,0.1655640302,0.2099839274,0.3175001768,0.08810357463,0.1655494464,0.0919369955,0.9080630045,0.08811698992,0.1645878893,0.3841500644,0.7922694448,0.05663718732,0.08600507218,0.926685637,0.0137134051,0.5642892515,0.03127412626,0.3405620792,0.7834314735,0.5924989492,0.04152697329,0
91,0.5759376363,0.5668933026,0.5216204358,0.6204543161,0.6204543161,0.4749519807,0.2299827918,0.179048502,0.179048502,0.179048502,0.2288928808,0.327403268,0.1154629102,0.1855087746,0.1041811531,0.8958188469,0.1153288713,0.1844355629,0.4077926777,0.8029034555,0.006449691347,0.05306933986,0.9372565392,0.05115389736,0.6315675291,0.02290532156,0.3602797786,0.8217005519,0.620449553,0.03634648287,0
92,0.563126908,0.5614326249,0.50514308,0.6027832629,0.6027832629,0.4683408403,0.004858791376,0.1894989676,0.1894989676,0.1894989676,0.2291765151,0.320435736,0.09559482127,0.1781275891,0.05925567615,0.9407443239,0.09559985018,0.1769172762,0.39294679,0.7611566014,0.007233985684,0.03116106881,0.9480812494,0.01359613529,0.5848368592,0.03500276031,0.3507909185,0.8138639086,0.6027796215,0.06511087885,0
93,0.5429568251,0.5422131806,0.4886169746,0.6096729558,0.6096873694,0.4718418426,0.1246077538,0.1857064599,0.1857064599,0.1857064599,0.2188711355,0.3291716772,0.1030046413,0.1736838141,0.1252834296,0.8747165704,0.1029605745,0.1727019079,0.3932068474,0.7994904819,0.03595844642,0.0646101433,0.9417126873,0.04545268916,0.6273443855,0.02609474134,0.3560479505,0.8015316321,0.6096699869,0.02971537572,0
94,0.5659616223,0.5641629638,0.5129917613,0.5967800055,0.5967800055,0.4815295706,0.1627695111,0.182335342,0.182335342,0.182335342,0.2270965302,0.3362806819,0.1086230763,0.1824960458,0.110681138,0.889318862,0.1086195385,0.1815323128,0.4128129169,0.7908003952,0.03397710218,0.06196936155,0.9390971455,0.01472195062,0.6806107629,0.02793638449,0.3727275089,0.8164876871,0.5967779785,0.03404644283,0
95,0.5860226777,0.5799561004,0.5298591137,0.6376064803,0.6376064803,0.470897394,0.1423220974,0.180607644,0.180607644,0.180607644,0.2324855819,0.3263068544,0.1131829656,0.1868645025,0.09302536506,0.9069746349,0.1124708909,0.1852575221,0.3947898057,0.7820429597,0.08905946763,0.06942525481,0.9429566699,0.09411869784,0.6258918643,0.03201707454,0.3606749772,0.8278786722,0.6376054771,0.04101110363,0
96,0.53281727,0.5240644574,0.4741871009,0.6205263841,0.6203822482,0.4859163081,0.6429800587,0.1935864481,0.1935864481,0.1935864481,0.2149948,0.3216736224,0.09820047227,0.171574904,0.04782779575,0.9521722043,0.09818098914,0.1705979941,0.3961240135,0.7738783092,0.00861815476,0.01212574524,0.9392967571,0.02791587016,0.5930512272,0.01548831717,0.358008683,0.7972573944,0.6205263678,0.08028880337,0
97,0.5707043175,0.543551582,0.4968069029,0.6028481241,0.6028481241,0.4592905731,0.1912136856,0.1902153302,0.1902153302,0.1902153302,0.2241656424,0.3156610313,0.1065874114,0.1846049559,0.09145327569,0.9085467243,0.105387008,0.1827991856,0.3978878813,0.8733775218,0.05975741465,0.06080844447,0.9429931443,0.03276646563,0.5526980325,0.01468576013,0.3367148952,0.8196586943,0.6028482192,0.0417610659,0
98,0.5715220235,0.5718186198,0.5268853898,0.6195750876,0.6195678808,0.4760423744,0.2632857577,0.1823774809,0.1823774809,0.1823774809,0.2295546941,0.3402419184,0.1144857911,0.1876176847,0.1207787889,0.8792212111,0.1144413503,0.186675213,0.3943036114,0.7686920262,0.04296293789,0.09780587862,0.9411803307,0.04704132627,0.6974641721,0.04000546222,0.3744167685,0.8200553037,0.6195746903,0.03093942345,0
99,0.5481901439,0.5355747096,0.4842782626,0.6051831246,0.6051831246,0.4628200934,0,0.1933757532,0.1933757532,0.1933757532,0.2236929186,0.322168777,0.0977933393,0.1760939971,0.1958158237,0.8041841763,0.0978145814,0.1751300807,0.3929015626,0.7837794976,0.1514942757,0.09820852979,0.9416912372,0.02342624221,0.5776202916,0.03501871798,0.3427198186,0.8018092192,0.6051807141,0.01769654953,0
100,0.565416485,0.5586487499,0.5138205041,0.6026823679,0.6026823679,0.464199022,0.1951614536,0.1770679702,0.1770679702,0.1770679702,0.2286092465,0.3252458089,0.1107401677,0.183927092,0.1609879977,0.8390120023,0.1107447034,0.1829801674,0.3982383935,0.750246662,0.03245725046,0.1473720976,0.9372778798,0.02618692008,0.6029548421,0.04846768274,0.3480308714,0.8137092242,0.6026791425,0.02235051509,0
101,0.5496075011,0.5376090797,0.4834007702,0.615928451,0.6159212442,0.4608439647,0.006680838142,0.1664068097,0.1664068097,0.1664068097,0.2193438593,0.3171111268,0.09168634476,0.1741357234,0.1593252109,0.8406747891,0.09230218053,0.1724228942,0.389735646,0.7378682455,0.01175541008,0.05189627711,0.9341382406,0.02349304674,0.5619285416,0.06634848032,0.3401348877,0.8043068925,0.6159274073,0.02262155588,0
102,0.5832969908,0.5825793672,0.5384390387,0.6229190389,0.6229190389,0.4744403345,0.2374734285,0.1849479584,0.1849479584,0.1849479584,0.2313510447,0.3276862135,0.1137529517,0.1876176847,0.0708044865,0.9291955135,0.1131548521,0.185928663,0.3976391307,0.7807388365,0.08532351503,0.05938661612,0.9435432622,0.04568594916,0.6366525194,0.03076872635,0.3711386518,0.8262470347,0.6229157854,0.05441566131,0
103,0.5552769298,0.5533486803,0.5027056013,0.6057524611,0.6056587728,0.472068309,0.2064986335,0.175677384,0.175677384,0.175677384,0.2201002175,0.3215321497,0.102271802,0.1758680425,0.09211839042,0.9078816096,0.1022359014,0.1747077898,0.3964292983,0.8298892508,0.1420063363,0.02966618423,0.9350671872,0.0160838651,0.5942439627,0.01201077767,0.350434648,0.8070927875,0.6057541197,0.04144209135,0
104,0.5554949847,0.5448899834,0.4960269098,0.6010896669,0.6009022903,0.4583410919,0.2273509465,0.1809447558,0.1809447558,0.1809447558,0.2218020233,0.3158378723,0.09461770214,0.1776003615,0.08138585724,0.9186141428,0.0945901933,0.176600558,0.391556048,0.8147124712,0.02791327915,0.04396312245,0.9377448321,0.01557089278,0.5520544246,0.01827497411,0.3360163487,0.8096354991,0.6010862311,0.04717259679,0
105,0.5622546882,0.5553295144,0.5043630868,0.604858819,0.604858819,0.4638584837,0.2622735095,0.1846951245,0.1846951245,0.1846951245,0.2251110901,0.3269081135,0.1208370654,0.1815169089,0.1917646703,0.8082353297,0.1208331298,0.1805444537,0.395943104,0.749584605,0.008967565846,0.1378553009,0.9344947154,0.02539231339,0.5961484904,0.04873656678,0.3457667696,0.8050412374,0.6048563821,0.01815015213,1
106,0.5369058003,0.5238503132,0.4706771316,0.5976520273,0.5976520273,0.4615585919,0,0.1771101091,0.1771101091,0.1771101091,0.214616621,0.3178184905,0.09950329778,0.1703698125,0.196390241,0.803609759,0.09947562981,0.169361285,0.3999909545,0.7293835282,0.01223914103,0.06176814265,0.9315478452,0.00660891762,0.5655388376,0.07817359292,0.3407998158,0.7964832033,0.5976538609,0.01763349171,1
107,0.5828063672,0.5599336153,0.4961244089,0.6073235417,0.6073235417,0.4660627563,0,0.2203025578,0.2203025578,0.2203025578,0.2375909993,0.3224517224,0.1043074668,0.1905550953,0.1345648033,0.8654351967,0.1043203544,0.1896387904,0.4023314715,0.7576913006,0.01711487732,0.0363415038,0.9400107669,0.01071587619,0.5804237526,0.03959899787,0.3442784258,0.8216497619,0.6073210945,0.02743408839,0
108,0.5914195377,0.5892713743,0.522741676,0.6061200075,0.6061200075,0.4696660879,0,0.2262441532,0.2262441532,0.2262441532,0.2524345277,0.3309047181,0.1103330348,0.1953001431,0.1316624845,0.8683375155,0.1103050141,0.1943292361,0.3981253251,0.7603861494,0.01678161283,0.05380175824,0.9430717569,0.01367666103,0.6060116473,0.04010273492,0.3503383393,0.8255187964,0.606115649,0.02811575251,0
109,0.5315089403,0.4995449435,0.4463023449,0.5957710546,0.5957710546,0.4635498184,0,0.1769415532,0.1769415532,0.1769415532,0.2080930321,0.3186319587,0.09217490432,0.1679596294,0.09369047979,0.9063095202,0.09217190223,0.166948194,0.3851676805,0.7561695184,0.03495490585,0.04072728718,0.9317173318,0.01849060471,0.5727685299,0.04183866611,0.3433128479,0.7941105297,0.5957701041,0.04070064023,0
110,0.5045246402,0.4975105734,0.438746161,0.5956629528,0.5957710546,0.4615686571,0,0.1765201635,0.1765201635,0.1765201635,0.2010967193,0.3178538587,0.08859213419,0.1563606236,0.1480182604,0.8519817396,0.08858924878,0.1553427343,0.3885371204,0.7374582929,0.01344430886,0.09953262894,0.924905685,0.02586383695,0.5662552975,0.05669470068,0.3410004908,0.7776337777,0.5956604595,0.02462429992,0
111,0.5491713912,0.5595053268,0.5032418466,0.6038931089,0.6038931089,0.463967523,0,0.1797227255,0.1797227255,0.1797227255,0.2203838518,0.3205772087,0.1005618435,0.1740604052,0.1153369411,0.8846630589,0.1005341411,0.1731015761,0.3935686665,0.8024696376,0.02310342193,0.08036139247,0.9345347816,0.02410114056,0.5838187279,0.027984906,0.345765185,0.8042148623,0.6038942701,0.03255009602,0
112,0.5227322285,0.5089137534,0.4541997758,0.5950647891,0.5950647891,0.4678174513,0,0.1935443091,0.1935443091,0.1935443091,0.2114966437,0.319268586,0.09176777135,0.1669804926,0.02736040149,0.9726395985,0.09174035533,0.1659829575,0.3874855838,0.8186606035,0.03393060376,0.02115763663,0.9367221786,0.01682298921,0.5773683296,0.01043562563,0.3534949472,0.7910339638,0.5950635371,0.1348009247,0
113,0.5348342782,0.5329514428,0.4793545556,0.5985744966,0.5985744966,0.4765104049,0.07116104869,0.1869284902,0.1869284902,0.1869284902,0.2161293372,0.3223456179,0.09632766061,0.1709723582,0.04855337546,0.9514466245,0.09630823847,0.170024885,0.3928224147,0.8105896239,0.0539788514,0.02581457537,0.9322667666,0.01787376906,0.6012228202,0.01335881847,0.3626872089,0.7983682601,0.5985754924,0.0791647084,0
114,0.5824792848,0.5865945714,0.5507239312,0.6046426152,0.6046426152,0.4746097649,0.2825184735,0.182208925,0.182208925,0.182208925,0.2305946866,0.3262714862,0.1144043645,0.1857347292,0.06391147928,0.9360885207,0.1144250655,0.1847975266,0.4524321024,0.7826807915,0.01018641573,0.05518220179,0.9447963239,0.01029279025,0.6324549162,0.02922454,0.3722684137,0.823788524,0.6046420242,0.06036364785,0
115,0.5413759267,0.5451576637,0.5011943645,0.6014644201,0.6014644201,0.472335036,0.2852515437,0.1860857107,0.1860857107,0.1860857107,0.2170747849,0.3235127679,0.09860760524,0.1737591323,0.06119055537,0.9388094446,0.09863696321,0.1728150215,0.3972320843,0.8100455377,0.02730893865,0.04287357709,0.9355007751,0.03079988474,0.6083339577,0.01885952007,0.3618835046,0.8023615242,0.601461155,0.06304888711,0
116,0.5703772351,0.54167782,0.485594501,0.6032372908,0.6033598063,0.4681311492,0,0.180565505,0.1809868948,0.1809868948,0.2159402477,0.322557827,0.1072388242,0.1792573624,0.141608973,0.858391027,0.1072109043,0.1781313626,0.4189638407,0.7729506917,0.07640396181,0.04190889805,0.9356125988,0.02165470264,0.5909213673,0.03022600273,0.3463899952,0.8121595146,0.6032345056,0.02589998937,0
117,0.5519515918,0.5352534932,0.4794520548,0.6003689877,0.6004482624,0.462266509,0,0.1793013358,0.1793013358,0.1793013358,0.2166966058,0.3180660678,0.09543196808,0.1721021315,0.1107718354,0.8892281646,0.09545328708,0.1710730714,0.392799801,0.7803353648,0.0358088173,0.04236716748,0.9335085713,0.01230013493,0.5680242885,0.02702432444,0.3416060238,0.8014252618,0.6003677846,0.03400974848,0
118,0.5466092455,0.5355747096,0.484229513,0.6054065351,0.6054065351,0.463145534,0.2108513007,0.1812397286,0.1812397286,0.1812397286,0.217831143,0.3197637405,0.09942187118,0.1741357234,0.104362548,0.895637452,0.09945120263,0.1731241988,0.3936930418,0.803355858,0.1154079707,0.08879853836,0.9406325544,0.02080060778,0.5790588247,0.02895447,0.3448900522,0.802731335,0.6054078162,0.03627591822,0
119,0.4104884431,0.4295733176,0.3849266319,0.5862652964,0.5862652964,0.4568111858,0,0.1567148456,0.1567148456,0.1567148456,0.1814314078,0.3114522176,0.0790652227,0.1446862996,0.138011307,0.861988693,0.07906264758,0.1436694065,0.3847267136,0.6965347842,0.03587060577,0.1385592515,0.896988131,0.04222569616,0.5058933922,0.08584572647,0.3275452131,0.7197035181,0.5862668862,0.02666191956,0
120,0.5322721326,0.5314524332,0.4793545556,0.6066821372,0.6067469984,0.4660375934,0,0.1726433779,0.1726433779,0.1726433779,0.2082821216,0.3241847634,0.09868903184,0.1685621752,0.1537019681,0.8462980319,0.09857996645,0.1675891713,0.3932633817,0.7446754752,0.03843743419,0.09133026538,0.9300787061,0.03383461637,0.6039645896,0.05208823707,0.3485746357,0.7923925602,0.606677665,0.02358331482,0
121,0.5040340166,0.5069864554,0.450397309,0.5946395883,0.5946395883,0.4626338878,0,0.1787535291,0.1787535291,0.1787535291,0.20487851,0.3184551178,0.08761501506,0.1607290804,0.1156090335,0.8843909665,0.08762844627,0.1597164618,0.3890911558,0.7781157115,0.06973791929,0.05025733509,0.9270510038,0.01720229463,0.5703845288,0.02991853462,0.3421926325,0.7805543289,0.5946410214,0.03246357697,0
122,0.5517880506,0.5711761872,0.5171842246,0.6063073841,0.6063073841,0.4732023183,0.1769409859,0.1770679702,0.1770679702,0.1770679702,0.2187765907,0.324892127,0.09982900415,0.1747382692,0.07703237899,0.922967621,0.09968733206,0.1737802579,0.3927771873,0.8106112793,0.03061723661,0.05518240682,0.9348352286,0.02489482337,0.6252313404,0.02171360968,0.3643508375,0.8063179641,0.6063026797,0.04992801642,0
123,0.5505342346,0.5424273248,0.4926631892,0.6040228311,0.6040228311,0.476869396,0.2261362486,0.1976317896,0.1976317896,0.1976317896,0.2210456651,0.3435311594,0.09624623402,0.1772990886,0.09257187774,0.9074281223,0.09619424496,0.1763290853,0.3921553108,0.8657395011,0.5211094652,0.09688385449,0.957603554,0.02102625372,0.7036539274,0.02061797647,0.3862721433,0.8744516412,0.6040222666,0.04122045412,0
124,0.6078826864,0.5474597141,0.5000731244,0.6133123856,0.6133123856,0.5459634467,0.1033505416,0.1826303148,0.1826303148,0.1826303148,0.2218020233,0.327792318,0.1016203892,0.1898772313,0.08867188681,0.9113281132,0.1016415067,0.1888846995,0.3975825965,0.8407129263,0.0500456164,0.008558671024,0.9465182947,0.00780710551,0.6350380429,0.003688398474,0.3647395248,0.8346551609,0.6133129929,0.0431386825,0
125,0.5818796337,0.5761015044,0.5047530834,0.605132677,0.605132677,0.4638064803,0,0.2260755973,0.2260755973,0.2260755973,0.2472345656,0.322168777,0.1050403062,0.1873917301,0.139069444,0.860930556,0.1050450274,0.1861247266,0.398419303,0.7518004191,0.008579368596,0.05988518147,0.9400056295,0.01090031922,0.5780267944,0.04720366671,0.3436330991,0.8203943627,0.6051281689,0.02643801803,0
126,0.5945268208,0.5891643022,0.5276166334,0.6028697444,0.6028697444,0.4581750166,0,0.197126122,0.197126122,0.197126122,0.2412782452,0.3114522176,0.09608338083,0.1898019131,0.1243462225,0.8756537775,0.09607210904,0.1886660131,0.3923475272,0.7381969495,0.05210654889,0.09437849269,0.9428309198,0.0160507618,0.5364621089,0.0566404647,0.333706873,0.8345404742,0.6028697563,0.0299602922,0
127,0.5884757959,0.5857915306,0.5329790864,0.6053560876,0.6053560876,0.4738297141,0.1067921854,0.1764358856,0.1764358856,0.1764358856,0.2290819703,0.326236118,0.1099259018,0.1836258191,0.08310910905,0.916890891,0.1099060368,0.1826559083,0.3996291355,0.8267877877,0.1630398603,0.05965574585,0.9415472568,0.01774444513,0.6335875047,0.01979228339,0.3657438258,0.8264857651,0.6053552165,0.04616002484,0
128,0.579317488,0.5737459179,0.5242041632,0.6056443592,0.6056443592,0.4635196229,0.181394878,0.1818296743,0.1818296743,0.1818296743,0.2311619552,0.3220626724,0.1138343783,0.1864879114,0.1449043142,0.8550956858,0.1138306708,0.1855289948,0.3959544108,0.784733359,0.06285354357,0.1163587886,0.9409777753,0.03180922957,0.5875791235,0.03633858902,0.3455513062,0.8177823454,0.6056450722,0.02523293185,0
129,0.5638355866,0.5550082981,0.5065080681,0.611914268,0.611914268,0.4659151338,0.2261362486,0.192111584,0.192111584,0.192111584,0.2266238064,0.3215675179,0.110088755,0.1816675454,0.08676724008,0.9132327599,0.110077027,0.1806877309,0.3996969765,0.8559242936,0.03034002809,0.0567997208,0.9482910568,0.02070708527,0.5884807994,0.01558697756,0.3489971144,0.813022466,0.6119129977,0.04412374948,0
130,0.5972525076,0.5811338937,0.5307366061,0.6104224621,0.6104224621,0.4640581096,0.1263285758,0.1914373604,0.1914373604,0.1914373604,0.2377800889,0.3219211997,0.1189642537,0.1940950516,0.1113764852,0.8886235148,0.1189929487,0.1931679361,0.3962823093,0.8392961252,0.04181294237,0.09403056294,0.9513514774,0.03621666895,0.5878659233,0.02340503207,0.3470526799,0.831351886,0.610420569,0.03381530754,0
131,0.5278020061,0.5233149526,0.470287135,0.6003761945,0.6003401606,0.4588493831,0,0.1803969491,0.1803969491,0.1803969491,0.2124420913,0.3136804131,0.09608338083,0.1679596294,0.1074462618,0.8925537382,0.09610467862,0.166940653,0.3921779245,0.7798390616,0.1053829576,0.1074106623,0.9395613511,0.04085003862,0.5393172556,0.03700045259,0.3334709126,0.7918519478,0.6003714401,0.03515579707,0
132,0.5203881378,0.5220300873,0.4701408863,0.5973061013,0.5973997896,0.4620668831,0,0.162487885,0.162487885,0.162487885,0.2078093977,0.3184197496,0.08997638629,0.1650222189,0.1620461348,0.8379538652,0.09036429072,0.1644069075,0.389656498,0.7372014244,0.01183911492,0.09694802799,0.9097453251,0.02164235022,0.5706828709,0.05715343862,0.3418161157,0.7846489391,0.5973079714,0.02217857425,1
133,0.5864587876,0.5736388458,0.5163067323,0.6058029087,0.6057884951,0.4740779883,0.004453892094,0.2199233071,0.2199233071,0.2199233071,0.243830954,0.3303741954,0.1106587411,0.1960533253,0.1201741391,0.8798258609,0.1106307099,0.1951059498,0.4141810452,0.7793928236,0.008115257861,0.03830229146,0.9412946752,0.009563316758,0.6099520169,0.02621032184,0.3522379597,0.8249142792,0.6058001356,0.03111172239,0
134,0.5710859137,0.5632528508,0.5083118023,0.6058173222,0.6058317358,0.4713167761,0.0487903634,0.2207660866,0.2207660866,0.2207660866,0.2370237307,0.326625168,0.110495888,0.1905550953,0.1311182997,0.8688817003,0.1105248587,0.1896010859,0.4007032858,0.7793321615,0.006428483483,0.03224135354,0.9410930859,0.0108914888,0.5945155314,0.02417276289,0.3476786432,0.8162937587,0.6058138422,0.02824509046,0
135,0.5448648059,0.5280796617,0.4772095744,0.6019761023,0.6019833091,0.4628687418,0.05992509363,0.1778686107,0.1778686107,0.1778686107,0.2170747849,0.3181014359,0.09852617865,0.1727046773,0.08849049188,0.9115095081,0.09847411533,0.1717366714,0.4005110694,0.8001921119,0.03569008581,0.03084663107,0.9329005608,0.0107559786,0.5688211239,0.01721188926,0.3421107771,0.8005625794,0.6019726214,0.04321962166,0
136,0.5345617096,0.5209593661,0.4681421538,0.5984952219,0.5985384626,0.4650931448,0,0.165774725,0.165774725,0.165774725,0.2120639123,0.3197637405,0.09551339467,0.1699932214,0.1511624392,0.8488375608,0.09548585666,0.1690068622,0.3921100834,0.7905105811,0.01259812887,0.04380369844,0.9285397365,0.01577149574,0.5796877525,0.02387313412,0.3437395138,0.7960947573,0.5984957878,0.02403629397,0
137,0.5637265591,0.5648589325,0.5085555501,0.6035327693,0.6035327693,0.4620098471,0.01528494787,0.1828831486,0.1828831486,0.1828831486,0.2267183511,0.3182782769,0.1010504031,0.180161181,0.1445112918,0.8554887082,0.1010389695,0.17918709,0.3939078718,0.8359990059,0.169365647,0.06264891495,0.936813058,0.01528666803,0.5681822272,0.0190256103,0.3414206619,0.8118763956,0.6035292582,0.0253101797,0
138,0.5580571304,0.5371807913,0.4886657242,0.6019184479,0.6019184479,0.4674349748,0.1433343456,0.1943870886,0.1943870886,0.1943870886,0.2210456651,0.3221334088,0.1015389626,0.1788807713,0.06321613206,0.9367838679,0.1015356555,0.1779503808,0.4005336831,0.8098238228,0.008888219416,0.05236862012,0.9370190304,0.01180075093,0.594040327,0.02124774128,0.3545259942,0.8114999596,0.6019181792,0.06103881887,0
139,0.524912778,0.5225119118,0.4695558914,0.5977168884,0.5977168884,0.4615803998,0,0.1831781214,0.1831781214,0.1831781214,0.2113075541,0.3176770178,0.09453627555,0.1677336748,0.1095625359,0.8904374641,0.09451691175,0.1667219667,0.3914429796,0.8301779573,0.02583907366,0.04925401371,0.9299533362,0.01800640085,0.5654351277,0.01710479365,0.3408936951,0.7916688262,0.5977131658,0.03441605465,0
140,0.55440471,0.5421061085,0.5001218739,0.6004554692,0.6004554692,0.4649924931,0.3190606337,0.1800598373,0.1800598373,0.1800598373,0.2199111279,0.321602886,0.1083787965,0.1782029073,0.0919369955,0.9080630045,0.1066327943,0.1761405626,0.4359693358,0.7628545591,0.0107593083,0.08606873386,0.9385413783,0.01122277405,0.5933662301,0.04165187192,0.3501620118,0.8085657276,0.6004555615,0.04152236645,0
141,0.5958351505,0.6028695326,0.5670550383,0.6043975843,0.6043975843,0.4707715793,0.2503289807,0.1956091189,0.1956091189,0.1956091189,0.2418455139,0.3254226498,0.1237684228,0.1954507795,0.06883937479,0.9311606252,0.1237725341,0.1944725134,0.4415436105,0.8599916315,0.07151725659,0.05558009878,0.9447781928,0.02428858756,0.6130934613,0.01495816916,0.3617317362,0.8330224158,0.6043964346,0.05600452519,0
142,0.4944941125,0.51330371,0.4633646956,0.5987042189,0.5987258392,0.4664536205,0,0.1545236189,0.1541443681,0.1541443681,0.2047839652,0.3223809861,0.1007246967,0.1562853054,0.2017716238,0.7982283762,0.1005911378,0.1561722344,0.4045928405,0.7514840019,0.004313978761,0.06257846637,0.9159184396,0.03663394911,0.5940350228,0.0475159075,0.3451923332,0.7688744626,0.5987031487,0.01705783418,0
143,0.5512429132,0.5406606349,0.4928581875,0.6015941423,0.6015941423,0.4709510749,0.2965887236,0.1820825081,0.1820825081,0.1820825081,0.220289307,0.3190563769,0.09754905952,0.1764705882,0.07911842065,0.9208815793,0.09752145521,0.1754845034,0.3996065218,0.7867793333,0.003360492722,0.01209315317,0.9371971378,0.007191269762,0.575619647,0.0111824305,0.3448652085,0.8065049999,0.6015953119,0.04857046972,0
144,0.5503706934,0.5426950051,0.4932481841,0.6055722913,0.6055722913,0.4679768166,0.255795121,0.1829252876,0.1829252876,0.1829252876,0.2216129337,0.3215321497,0.1033303477,0.1765459065,0.08776491217,0.9122350878,0.1030501409,0.1753186034,0.3964971394,0.8347487786,0.07074933145,0.04469455616,0.9391529801,0.02285855837,0.5920115158,0.01544482073,0.3501271278,0.8065985619,0.6055701769,0.04360913538,0
145,0.5354339294,0.5338615558,0.479890801,0.5981420891,0.5981420891,0.4616357582,0,0.1500568876,0.1500568876,0.1500568876,0.2149948,0.3176770178,0.09355915642,0.1700685396,0.1061764973,0.8938235027,0.09352353966,0.1690671895,0.3901426924,0.7189156074,0.008191712618,0.09433373299,0.8602113432,0.01576815094,0.5667527465,0.07735039523,0.341280472,0.7965332514,0.5981389707,0.03560441094,0
146,0.5999781945,0.6002998019,0.5466777166,0.6128583577,0.6129088053,0.4754133011,0.09677092823,0.1915216384,0.1915216384,0.1915216384,0.2427909615,0.3321426045,0.1124501262,0.1947729156,0.1107416029,0.8892583971,0.1123161855,0.193002036,0.3986906673,0.7619261447,0.03359109487,0.05817371236,0.9435311671,0.02309326415,0.6404498598,0.03963391233,0.3616124276,0.8326469792,0.6128568279,0.03402076436,0
147,0.5578935892,0.5267412602,0.4793545556,0.5932991251,0.5932991251,0.4696845407,0.2119647738,0.1807340609,0.1807340609,0.1807340609,0.2092275693,0.323335927,0.0857422034,0.1794079988,0.1214741361,0.8785258639,0.08600810982,0.1781464445,0.388197915,0.7910799852,0.09123663883,0.0450019865,0.9380416379,0.01167024525,0.5993667863,0.02402634389,0.3494441729,0.8100768127,0.5932989001,0.0307477095,0
148,0.5622001744,0.5775469779,0.5207429435,0.6063866588,0.6063866588,0.4734858207,0.03917400547,0.1805233661,0.1805233661,0.1805233661,0.2240710977,0.3244323407,0.09934044459,0.1779769526,0.1022765063,0.8977234937,0.09928021235,0.1769926853,0.3926415052,0.8157812736,0.03366166797,0.04082012861,0.9374031608,0.02150015177,0.6106446039,0.01725418792,0.3543896317,0.8122830646,0.6063869104,0.03706790152,0
149,0.5435564762,0.5324696183,0.4806220446,0.6039003157,0.6039003157,0.4676077602,0.1505213078,0.1815347014,0.1815347014,0.1815347014,0.2180202326,0.3234420315,0.09852617865,0.1736838141,0.07679051909,0.9232094809,0.09849854251,0.1727320715,0.3929807105,0.8634276619,0.2574050749,0.07582783006,0.9430518612,0.02179808999,0.6083635158,0.01800384297,0.3578150636,0.8128309444,0.6038995324,0.05009445396,0
150,0.5423026603,0.5411424594,0.4853507532,0.6004266421,0.6004266421,0.502562425,0,0.1800598373,0.1800598373,0.1800598373,0.214616621,0.3224163542,0.09510626171,0.1718761768,0.09148350818,0.9085164918,0.09511130653,0.1708770078,0.3918726397,0.8201156369,0.01496295035,0.00856429699,0.9405133511,0.007701515522,0.5988761736,0.00474920502,0.3520362846,0.8010332045,0.6004236212,0.04174561556,0